<?xml version="1.0"?>

<!DOCTYPE ejb-jar PUBLIC "-//Sun Microsystems, Inc.//DTD Enterprise JavaBeans 1.1//EN" "http://java.sun.com/j2ee/dtds/ejb-jar_1_1.dtd">

<ejb-jar>
  <display-name>DiskBase</display-name>
  <enterprise-beans>

    <entity>
      <description>Models a data</description>
      <ejb-name>DataBean</ejb-name>
      <home>de.apage4u.database.interfaces.DataHome</home>
      <remote>de.apage4u.database.interfaces.Data</remote>
      <ejb-class>de.apage4u.database.bean.DataBean</ejb-class>
      <persistence-type>Container</persistence-type>
      <prim-key-class>java.lang.Integer</prim-key-class>
      <reentrant>False</reentrant>
      <cmp-field><field-name>id</field-name></cmp-field>
      <cmp-field><field-name>title</field-name></cmp-field>
      <cmp-field><field-name>artist</field-name></cmp-field>
      <cmp-field><field-name>type</field-name></cmp-field>
      <cmp-field><field-name>notes</field-name></cmp-field>
      <primkey-field>id</primkey-field>
    </entity>

    <session>
      <description>Models a data collection</description>
      <ejb-name>DataBaseBean</ejb-name>
      <home>de.apage4u.database.interfaces.DataBaseHome</home>
      <remote>de.apage4u.database.interfaces.DataBase</remote>
      <ejb-class>de.apage4u.database.bean.DataBaseBean</ejb-class>
      <session-type>Stateless</session-type>
      <transaction-type>Container</transaction-type>
	  <ejb-ref>
         <ejb-ref-name>ejb/Data</ejb-ref-name>
         <ejb-ref-type>Entity</ejb-ref-type>
         <home>de.apage4u.database.interfaces.DataHome</home>
         <remote>de.apage4u.database.interfaces.Data</remote>
         <ejb-link>DataBean</ejb-link>
	  </ejb-ref>
    </session>

  </enterprise-beans>

  <assembly-descriptor>
    <container-transaction>
      <method>
        <ejb-name>DataBean</ejb-name>
        <method-name>*</method-name>
      </method>
      <trans-attribute>Required</trans-attribute>
    </container-transaction>
  </assembly-descriptor>
</ejb-jar>


